﻿<?xml version="1.0" encoding="utf-8"?>
<abapGit version="v1.0.0" serializer="LCL_OBJECT_PROG" serializer_version="v1.0.0">
 <asx:abap xmlns:asx="http://www.sap.com/abapxml" version="1.0">
  <asx:values>
   <PROGDIR>
    <NAME>Z_A_BC_COMPARE_OBJECT</NAME>
    <STATE>A</STATE>
    <VARCL>X</VARCL>
    <SUBC>1</SUBC>
    <APPL>*</APPL>
    <RSTAT>K</RSTAT>
    <RLOAD>F</RLOAD>
    <FIXPT>X</FIXPT>
    <UCCHECK>X</UCCHECK>
   </PROGDIR>
   <DYNPROS>
    <item>
     <HEADER>
      <PROGRAM>Z_A_BC_COMPARE_OBJECT</PROGRAM>
      <SCREEN>2000</SCREEN>
      <LANGUAGE>F</LANGUAGE>
      <DESCRIPT>Affichage résultat comparaison</DESCRIPT>
      <TYPE>N</TYPE>
      <NEXTSCREEN>2000</NEXTSCREEN>
      <LINES>027</LINES>
      <COLUMNS>175</COLUMNS>
     </HEADER>
     <CONTAINERS>
      <RPY_DYCATT>
       <TYPE>SCREEN</TYPE>
       <NAME>SCREEN</NAME>
      </RPY_DYCATT>
      <RPY_DYCATT>
       <TYPE>CUST_CTRL</TYPE>
       <NAME>CC_WORKBENCH_COMPARE_RESULT</NAME>
       <ELEMENT_OF>SCREEN</ELEMENT_OF>
       <LINE>001</LINE>
       <COLUMN>001</COLUMN>
       <LENGTH>175</LENGTH>
       <HEIGHT>027</HEIGHT>
       <C_LINE_MIN>001</C_LINE_MIN>
       <C_COLN_MIN>001</C_COLN_MIN>
      </RPY_DYCATT>
     </CONTAINERS>
     <FIELDS>
      <RPY_DYFATC>
       <CONT_TYPE>SCREEN</CONT_TYPE>
       <CONT_NAME>SCREEN</CONT_NAME>
       <TYPE>OKCODE</TYPE>
       <TEXT>____________________</TEXT>
       <LENGTH>020</LENGTH>
       <VISLENGTH>020</VISLENGTH>
       <HEIGHT>001</HEIGHT>
       <FORMAT>CHAR</FORMAT>
       <INPUT_FLD>X</INPUT_FLD>
      </RPY_DYFATC>
     </FIELDS>
     <FLOW_LOGIC>
      <RPY_DYFLOW>
       <LINE>PROCESS BEFORE OUTPUT.</LINE>
      </RPY_DYFLOW>
      <RPY_DYFLOW>
       <LINE>MODULE status_2000.</LINE>
      </RPY_DYFLOW>
      <RPY_DYFLOW/>
      <RPY_DYFLOW>
       <LINE>PROCESS AFTER INPUT.</LINE>
      </RPY_DYFLOW>
      <RPY_DYFLOW>
       <LINE>MODULE user_command_2000.</LINE>
      </RPY_DYFLOW>
     </FLOW_LOGIC>
     <SPACES>
      <item>0</item>
      <item>2</item>
      <item>0</item>
      <item>0</item>
      <item>2</item>
     </SPACES>
    </item>
    <item>
     <HEADER>
      <PROGRAM>Z_A_BC_COMPARE_OBJECT</PROGRAM>
      <SCREEN>3000</SCREEN>
      <LANGUAGE>F</LANGUAGE>
      <DESCRIPT>Affichage résultat comparaison</DESCRIPT>
      <TYPE>N</TYPE>
      <NEXTSCREEN>3000</NEXTSCREEN>
      <LINES>027</LINES>
      <COLUMNS>189</COLUMNS>
     </HEADER>
     <CONTAINERS>
      <RPY_DYCATT>
       <TYPE>SCREEN</TYPE>
       <NAME>SCREEN</NAME>
      </RPY_DYCATT>
      <RPY_DYCATT>
       <TYPE>CUST_CTRL</TYPE>
       <NAME>CC_TABLE_LIST</NAME>
       <ELEMENT_OF>SCREEN</ELEMENT_OF>
       <LINE>001</LINE>
       <COLUMN>001</COLUMN>
       <LENGTH>184</LENGTH>
       <HEIGHT>006</HEIGHT>
       <C_LINE_MIN>001</C_LINE_MIN>
       <C_COLN_MIN>001</C_COLN_MIN>
      </RPY_DYCATT>
      <RPY_DYCATT>
       <TYPE>CUST_CTRL</TYPE>
       <NAME>CC_COMPARE_RESULT_ORIGIN</NAME>
       <ELEMENT_OF>SCREEN</ELEMENT_OF>
       <LINE>009</LINE>
       <COLUMN>007</COLUMN>
       <LENGTH>085</LENGTH>
       <HEIGHT>017</HEIGHT>
       <C_LINE_MIN>001</C_LINE_MIN>
       <C_COLN_MIN>001</C_COLN_MIN>
      </RPY_DYCATT>
      <RPY_DYCATT>
       <TYPE>CUST_CTRL</TYPE>
       <NAME>CC_COMPARE_RESULT_TARGET</NAME>
       <ELEMENT_OF>SCREEN</ELEMENT_OF>
       <LINE>009</LINE>
       <COLUMN>095</COLUMN>
       <LENGTH>085</LENGTH>
       <HEIGHT>017</HEIGHT>
       <C_LINE_MIN>001</C_LINE_MIN>
       <C_COLN_MIN>001</C_COLN_MIN>
      </RPY_DYCATT>
     </CONTAINERS>
     <FIELDS>
      <RPY_DYFATC>
       <CONT_TYPE>SCREEN</CONT_TYPE>
       <CONT_NAME>SCREEN</CONT_NAME>
       <TYPE>TEMPLATE</TYPE>
       <NAME>GV_CUSTO_TABNAME</NAME>
       <TEXT>______________________________</TEXT>
       <LINE>007</LINE>
       <COLUMN>006</COLUMN>
       <LENGTH>030</LENGTH>
       <VISLENGTH>030</VISLENGTH>
       <HEIGHT>001</HEIGHT>
       <FORMAT>CHAR</FORMAT>
       <OUTPUT_FLD>X</OUTPUT_FLD>
       <OUTPUTONLY>X</OUTPUTONLY>
       <REQU_ENTRY>N</REQU_ENTRY>
       <BRIGHT>X</BRIGHT>
      </RPY_DYFATC>
      <RPY_DYFATC>
       <CONT_TYPE>SCREEN</CONT_TYPE>
       <CONT_NAME>SCREEN</CONT_NAME>
       <TYPE>TEXT</TYPE>
       <NAME>LINES_TO_READ_TEXT</NAME>
       <TEXT>Nombre_lignes_à_lire_:</TEXT>
       <LINE>007</LINE>
       <COLUMN>048</COLUMN>
       <LENGTH>022</LENGTH>
       <VISLENGTH>022</VISLENGTH>
       <HEIGHT>001</HEIGHT>
       <GROUP1>REM</GROUP1>
       <FORMAT>CHAR</FORMAT>
       <REQU_ENTRY>N</REQU_ENTRY>
       <LABELLEFT>X</LABELLEFT>
      </RPY_DYFATC>
      <RPY_DYFATC>
       <CONT_TYPE>SCREEN</CONT_TYPE>
       <CONT_NAME>SCREEN</CONT_NAME>
       <TYPE>TEMPLATE</TYPE>
       <NAME>GV_LINES_TO_READ_INPUT</NAME>
       <TEXT>__________</TEXT>
       <LINE>007</LINE>
       <COLUMN>071</COLUMN>
       <LENGTH>010</LENGTH>
       <VISLENGTH>010</VISLENGTH>
       <HEIGHT>001</HEIGHT>
       <GROUP1>REM</GROUP1>
       <FORMAT>INT4</FORMAT>
       <INPUT_FLD>X</INPUT_FLD>
       <OUTPUT_FLD>X</OUTPUT_FLD>
       <_--2A_ENTRY>X</_--2A_ENTRY>
      </RPY_DYFATC>
      <RPY_DYFATC>
       <CONT_TYPE>SCREEN</CONT_TYPE>
       <CONT_NAME>SCREEN</CONT_NAME>
       <TYPE>PUSH</TYPE>
       <NAME>BTN_READ_MORE</NAME>
       <TEXT>Charger_les_données</TEXT>
       <ICON_NAME>ICON_SEARCH</ICON_NAME>
       <WITH_ICON>X</WITH_ICON>
       <LINE>007</LINE>
       <COLUMN>083</COLUMN>
       <LENGTH>024</LENGTH>
       <VISLENGTH>022</VISLENGTH>
       <HEIGHT>001</HEIGHT>
       <GROUP1>REM</GROUP1>
       <PUSH_FCODE>READ_MORE</PUSH_FCODE>
       <FORMAT>CHAR</FORMAT>
       <REQU_ENTRY>N</REQU_ENTRY>
      </RPY_DYFATC>
      <RPY_DYFATC>
       <CONT_TYPE>SCREEN</CONT_TYPE>
       <CONT_NAME>SCREEN</CONT_NAME>
       <TYPE>FRAME_TMPL</TYPE>
       <NAME>GV_CUSTO_DET_ORIGIN</NAME>
       <TEXT>_______________________________________________________________________________________</TEXT>
       <LINE>008</LINE>
       <COLUMN>006</COLUMN>
       <LENGTH>088</LENGTH>
       <VISLENGTH>088</VISLENGTH>
       <HEIGHT>019</HEIGHT>
       <FORMAT>CHAR</FORMAT>
       <OUTPUT_FLD>X</OUTPUT_FLD>
       <REQU_ENTRY>N</REQU_ENTRY>
      </RPY_DYFATC>
      <RPY_DYFATC>
       <CONT_TYPE>SCREEN</CONT_TYPE>
       <CONT_NAME>SCREEN</CONT_NAME>
       <TYPE>FRAME_TMPL</TYPE>
       <NAME>GV_CUSTO_DET_TARGET</NAME>
       <TEXT>_______________________________________________________________________________________</TEXT>
       <LINE>008</LINE>
       <COLUMN>094</COLUMN>
       <LENGTH>088</LENGTH>
       <VISLENGTH>088</VISLENGTH>
       <HEIGHT>019</HEIGHT>
       <FORMAT>CHAR</FORMAT>
       <OUTPUT_FLD>X</OUTPUT_FLD>
       <REQU_ENTRY>N</REQU_ENTRY>
      </RPY_DYFATC>
      <RPY_DYFATC>
       <CONT_TYPE>SCREEN</CONT_TYPE>
       <CONT_NAME>SCREEN</CONT_NAME>
       <TYPE>PUSH</TYPE>
       <NAME>BTN_PREVIOUS</NAME>
       <ICON_NAME>ICON_COLUMN_LEFT</ICON_NAME>
       <WITH_ICON>X</WITH_ICON>
       <LINE>017</LINE>
       <COLUMN>001</COLUMN>
       <LENGTH>004</LENGTH>
       <VISLENGTH>003</VISLENGTH>
       <HEIGHT>001</HEIGHT>
       <GROUP1>BPR</GROUP1>
       <PUSH_FCODE>PREVIOUS</PUSH_FCODE>
       <FORMAT>CHAR</FORMAT>
       <REQU_ENTRY>N</REQU_ENTRY>
      </RPY_DYFATC>
      <RPY_DYFATC>
       <CONT_TYPE>SCREEN</CONT_TYPE>
       <CONT_NAME>SCREEN</CONT_NAME>
       <TYPE>PUSH</TYPE>
       <NAME>BTN_NEXT</NAME>
       <TEXT>__</TEXT>
       <ICON_NAME>ICON_COLUMN_RIGHT</ICON_NAME>
       <WITH_ICON>X</WITH_ICON>
       <LINE>017</LINE>
       <COLUMN>183</COLUMN>
       <LENGTH>007</LENGTH>
       <VISLENGTH>003</VISLENGTH>
       <HEIGHT>001</HEIGHT>
       <GROUP1>BNE</GROUP1>
       <PUSH_FCODE>NEXT</PUSH_FCODE>
       <FORMAT>CHAR</FORMAT>
       <REQU_ENTRY>N</REQU_ENTRY>
      </RPY_DYFATC>
      <RPY_DYFATC>
       <CONT_TYPE>SCREEN</CONT_TYPE>
       <CONT_NAME>SCREEN</CONT_NAME>
       <TYPE>OKCODE</TYPE>
       <TEXT>____________________</TEXT>
       <LENGTH>020</LENGTH>
       <VISLENGTH>020</VISLENGTH>
       <HEIGHT>001</HEIGHT>
       <FORMAT>CHAR</FORMAT>
       <INPUT_FLD>X</INPUT_FLD>
      </RPY_DYFATC>
     </FIELDS>
     <FLOW_LOGIC>
      <RPY_DYFLOW>
       <LINE>PROCESS BEFORE OUTPUT.</LINE>
      </RPY_DYFLOW>
      <RPY_DYFLOW>
       <LINE>MODULE status_3000.</LINE>
      </RPY_DYFLOW>
      <RPY_DYFLOW/>
      <RPY_DYFLOW>
       <LINE>PROCESS AFTER INPUT.</LINE>
      </RPY_DYFLOW>
      <RPY_DYFLOW>
       <LINE>MODULE user_command_3000.</LINE>
      </RPY_DYFLOW>
     </FLOW_LOGIC>
     <SPACES>
      <item>0</item>
      <item>2</item>
      <item>0</item>
      <item>0</item>
      <item>2</item>
     </SPACES>
    </item>
   </DYNPROS>
   <CUA>
    <ADM>
     <ACTCODE>000002</ACTCODE>
     <MENCODE>000010</MENCODE>
     <PFKCODE>000002</PFKCODE>
    </ADM>
    <STA>
     <RSMPE_STAT>
      <CODE>PF_STATUS_2000</CODE>
      <MODAL>D</MODAL>
      <ACTCODE>000001</ACTCODE>
      <PFKCODE>000001</PFKCODE>
      <BUTCODE>0001</BUTCODE>
      <INT_NOTE>Workbench - Barre de Statut</INT_NOTE>
     </RSMPE_STAT>
     <RSMPE_STAT>
      <CODE>PF_STATUS_3000</CODE>
      <MODAL>D</MODAL>
      <ACTCODE>000002</ACTCODE>
      <PFKCODE>000002</PFKCODE>
      <BUTCODE>0001</BUTCODE>
      <INT_NOTE>Customizing - Barre de Statut</INT_NOTE>
     </RSMPE_STAT>
    </STA>
    <FUN>
     <RSMPE_FUNT>
      <CODE>EXIT</CODE>
      <TEXTNO>001</TEXTNO>
      <TEXT_TYPE>S</TEXT_TYPE>
      <FUN_TEXT>Retour</FUN_TEXT>
     </RSMPE_FUNT>
     <RSMPE_FUNT>
      <CODE>EXIT</CODE>
      <TEXTNO>002</TEXTNO>
      <TEXT_TYPE>S</TEXT_TYPE>
      <FUN_TEXT>Terminer</FUN_TEXT>
     </RSMPE_FUNT>
     <RSMPE_FUNT>
      <CODE>LEAVE</CODE>
      <TEXTNO>001</TEXTNO>
      <TEXT_TYPE>S</TEXT_TYPE>
      <TEXT_NAME>ICON_CANCEL</TEXT_NAME>
      <ICON_ID>@0W@</ICON_ID>
      <FUN_TEXT>Interrompre</FUN_TEXT>
     </RSMPE_FUNT>
     <RSMPE_FUNT>
      <CODE>SAVE</CODE>
      <TEXTNO>001</TEXTNO>
      <TEXT_TYPE>S</TEXT_TYPE>
      <TEXT_NAME>ICON_SYSTEM_SAVE</TEXT_NAME>
      <ICON_ID>@2L@</ICON_ID>
      <FUN_TEXT>Sauvegarder</FUN_TEXT>
     </RSMPE_FUNT>
    </FUN>
    <MEN>
     <RSMPE_MEN>
      <CODE>000001</CODE>
      <NO>01</NO>
      <REF_TYPE>F</REF_TYPE>
      <REF_CODE>&lt;01&gt;</REF_CODE>
     </RSMPE_MEN>
     <RSMPE_MEN>
      <CODE>000001</CODE>
      <NO>02</NO>
      <REF_TYPE>F</REF_TYPE>
      <REF_CODE>&lt;02&gt;</REF_CODE>
     </RSMPE_MEN>
     <RSMPE_MEN>
      <CODE>000001</CODE>
      <NO>03</NO>
      <REF_TYPE>F</REF_TYPE>
      <REF_CODE>&lt;03&gt;</REF_CODE>
     </RSMPE_MEN>
     <RSMPE_MEN>
      <CODE>000001</CODE>
      <NO>04</NO>
      <REF_TYPE>F</REF_TYPE>
      <REF_CODE>&lt;04&gt;</REF_CODE>
     </RSMPE_MEN>
     <RSMPE_MEN>
      <CODE>000001</CODE>
      <NO>05</NO>
      <REF_TYPE>F</REF_TYPE>
      <REF_CODE>&lt;05&gt;</REF_CODE>
     </RSMPE_MEN>
     <RSMPE_MEN>
      <CODE>000001</CODE>
      <NO>06</NO>
      <REF_TYPE>S</REF_TYPE>
      <REF_CODE>&lt;S1&gt;</REF_CODE>
     </RSMPE_MEN>
     <RSMPE_MEN>
      <CODE>000001</CODE>
      <NO>07</NO>
      <REF_TYPE>F</REF_TYPE>
      <REF_CODE>&lt;06&gt;</REF_CODE>
     </RSMPE_MEN>
     <RSMPE_MEN>
      <CODE>000001</CODE>
      <NO>08</NO>
      <REF_TYPE>S</REF_TYPE>
      <REF_CODE>&lt;S1&gt;</REF_CODE>
     </RSMPE_MEN>
     <RSMPE_MEN>
      <CODE>000001</CODE>
      <NO>09</NO>
      <REF_TYPE>F</REF_TYPE>
      <REF_CODE>&lt;09&gt;</REF_CODE>
     </RSMPE_MEN>
     <RSMPE_MEN>
      <CODE>000001</CODE>
      <NO>10</NO>
      <REF_TYPE>S</REF_TYPE>
      <REF_CODE>&lt;S1&gt;</REF_CODE>
     </RSMPE_MEN>
     <RSMPE_MEN>
      <CODE>000001</CODE>
      <NO>11</NO>
      <REF_TYPE>F</REF_TYPE>
      <REF_CODE>&lt;10&gt;</REF_CODE>
     </RSMPE_MEN>
     <RSMPE_MEN>
      <CODE>000001</CODE>
      <NO>12</NO>
      <REF_TYPE>F</REF_TYPE>
      <REF_CODE>&lt;11&gt;</REF_CODE>
     </RSMPE_MEN>
     <RSMPE_MEN>
      <CODE>000002</CODE>
      <NO>01</NO>
      <REF_TYPE>F</REF_TYPE>
      <REF_CODE>&lt;12&gt;</REF_CODE>
     </RSMPE_MEN>
     <RSMPE_MEN>
      <CODE>000002</CODE>
      <NO>02</NO>
      <REF_TYPE>F</REF_TYPE>
      <REF_CODE>&lt;13&gt;</REF_CODE>
     </RSMPE_MEN>
     <RSMPE_MEN>
      <CODE>000002</CODE>
      <NO>03</NO>
      <REF_TYPE>F</REF_TYPE>
      <REF_CODE>&lt;24&gt;</REF_CODE>
     </RSMPE_MEN>
     <RSMPE_MEN>
      <CODE>000002</CODE>
      <NO>04</NO>
      <REF_TYPE>F</REF_TYPE>
      <REF_CODE>&lt;14&gt;</REF_CODE>
     </RSMPE_MEN>
     <RSMPE_MEN>
      <CODE>000002</CODE>
      <NO>05</NO>
      <REF_TYPE>S</REF_TYPE>
      <REF_CODE>&lt;S1&gt;</REF_CODE>
     </RSMPE_MEN>
     <RSMPE_MEN>
      <CODE>000002</CODE>
      <NO>06</NO>
      <REF_TYPE>F</REF_TYPE>
      <REF_CODE>&lt;16&gt;</REF_CODE>
     </RSMPE_MEN>
     <RSMPE_MEN>
      <CODE>000002</CODE>
      <NO>07</NO>
      <REF_TYPE>F</REF_TYPE>
      <REF_CODE>&lt;17&gt;</REF_CODE>
     </RSMPE_MEN>
     <RSMPE_MEN>
      <CODE>000002</CODE>
      <NO>08</NO>
      <REF_TYPE>F</REF_TYPE>
      <REF_CODE>&lt;18&gt;</REF_CODE>
     </RSMPE_MEN>
     <RSMPE_MEN>
      <CODE>000002</CODE>
      <NO>09</NO>
      <REF_TYPE>S</REF_TYPE>
      <REF_CODE>&lt;S1&gt;</REF_CODE>
     </RSMPE_MEN>
     <RSMPE_MEN>
      <CODE>000002</CODE>
      <NO>10</NO>
      <REF_TYPE>F</REF_TYPE>
      <REF_CODE>&lt;26&gt;</REF_CODE>
     </RSMPE_MEN>
     <RSMPE_MEN>
      <CODE>000002</CODE>
      <NO>11</NO>
      <REF_TYPE>F</REF_TYPE>
      <REF_CODE>&lt;27&gt;</REF_CODE>
     </RSMPE_MEN>
     <RSMPE_MEN>
      <CODE>000002</CODE>
      <NO>12</NO>
      <REF_TYPE>F</REF_TYPE>
      <REF_CODE>&lt;20&gt;</REF_CODE>
     </RSMPE_MEN>
     <RSMPE_MEN>
      <CODE>000002</CODE>
      <NO>13</NO>
      <REF_TYPE>S</REF_TYPE>
      <REF_CODE>&lt;S1&gt;</REF_CODE>
     </RSMPE_MEN>
     <RSMPE_MEN>
      <CODE>000002</CODE>
      <NO>14</NO>
      <REF_TYPE>F</REF_TYPE>
      <REF_CODE>&lt;22&gt;</REF_CODE>
     </RSMPE_MEN>
     <RSMPE_MEN>
      <CODE>000003</CODE>
      <NO>01</NO>
      <REF_TYPE>S</REF_TYPE>
      <REF_CODE>&lt;S1&gt;</REF_CODE>
     </RSMPE_MEN>
     <RSMPE_MEN>
      <CODE>000003</CODE>
      <NO>02</NO>
      <REF_TYPE>F</REF_TYPE>
      <REF_CODE>&lt;23&gt;</REF_CODE>
     </RSMPE_MEN>
     <RSMPE_MEN>
      <CODE>000006</CODE>
      <NO>01</NO>
      <REF_TYPE>F</REF_TYPE>
      <REF_CODE>&lt;01&gt;</REF_CODE>
     </RSMPE_MEN>
     <RSMPE_MEN>
      <CODE>000006</CODE>
      <NO>02</NO>
      <REF_TYPE>F</REF_TYPE>
      <REF_CODE>&lt;02&gt;</REF_CODE>
     </RSMPE_MEN>
     <RSMPE_MEN>
      <CODE>000006</CODE>
      <NO>03</NO>
      <REF_TYPE>F</REF_TYPE>
      <REF_CODE>&lt;03&gt;</REF_CODE>
     </RSMPE_MEN>
     <RSMPE_MEN>
      <CODE>000006</CODE>
      <NO>04</NO>
      <REF_TYPE>F</REF_TYPE>
      <REF_CODE>&lt;04&gt;</REF_CODE>
     </RSMPE_MEN>
     <RSMPE_MEN>
      <CODE>000006</CODE>
      <NO>05</NO>
      <REF_TYPE>F</REF_TYPE>
      <REF_CODE>&lt;05&gt;</REF_CODE>
     </RSMPE_MEN>
     <RSMPE_MEN>
      <CODE>000006</CODE>
      <NO>06</NO>
      <REF_TYPE>S</REF_TYPE>
      <REF_CODE>&lt;S1&gt;</REF_CODE>
     </RSMPE_MEN>
     <RSMPE_MEN>
      <CODE>000006</CODE>
      <NO>07</NO>
      <REF_TYPE>F</REF_TYPE>
      <REF_CODE>&lt;06&gt;</REF_CODE>
     </RSMPE_MEN>
     <RSMPE_MEN>
      <CODE>000006</CODE>
      <NO>08</NO>
      <REF_TYPE>S</REF_TYPE>
      <REF_CODE>&lt;S1&gt;</REF_CODE>
     </RSMPE_MEN>
     <RSMPE_MEN>
      <CODE>000006</CODE>
      <NO>09</NO>
      <REF_TYPE>F</REF_TYPE>
      <REF_CODE>&lt;09&gt;</REF_CODE>
     </RSMPE_MEN>
     <RSMPE_MEN>
      <CODE>000006</CODE>
      <NO>10</NO>
      <REF_TYPE>S</REF_TYPE>
      <REF_CODE>&lt;S1&gt;</REF_CODE>
     </RSMPE_MEN>
     <RSMPE_MEN>
      <CODE>000006</CODE>
      <NO>11</NO>
      <REF_TYPE>F</REF_TYPE>
      <REF_CODE>&lt;10&gt;</REF_CODE>
     </RSMPE_MEN>
     <RSMPE_MEN>
      <CODE>000006</CODE>
      <NO>12</NO>
      <REF_TYPE>F</REF_TYPE>
      <REF_CODE>&lt;11&gt;</REF_CODE>
     </RSMPE_MEN>
     <RSMPE_MEN>
      <CODE>000007</CODE>
      <NO>01</NO>
      <REF_TYPE>F</REF_TYPE>
      <REF_CODE>&lt;12&gt;</REF_CODE>
     </RSMPE_MEN>
     <RSMPE_MEN>
      <CODE>000007</CODE>
      <NO>02</NO>
      <REF_TYPE>F</REF_TYPE>
      <REF_CODE>&lt;13&gt;</REF_CODE>
     </RSMPE_MEN>
     <RSMPE_MEN>
      <CODE>000007</CODE>
      <NO>03</NO>
      <REF_TYPE>F</REF_TYPE>
      <REF_CODE>&lt;24&gt;</REF_CODE>
     </RSMPE_MEN>
     <RSMPE_MEN>
      <CODE>000007</CODE>
      <NO>04</NO>
      <REF_TYPE>F</REF_TYPE>
      <REF_CODE>&lt;14&gt;</REF_CODE>
     </RSMPE_MEN>
     <RSMPE_MEN>
      <CODE>000007</CODE>
      <NO>05</NO>
      <REF_TYPE>S</REF_TYPE>
      <REF_CODE>&lt;S1&gt;</REF_CODE>
     </RSMPE_MEN>
     <RSMPE_MEN>
      <CODE>000007</CODE>
      <NO>06</NO>
      <REF_TYPE>F</REF_TYPE>
      <REF_CODE>&lt;16&gt;</REF_CODE>
     </RSMPE_MEN>
     <RSMPE_MEN>
      <CODE>000007</CODE>
      <NO>07</NO>
      <REF_TYPE>F</REF_TYPE>
      <REF_CODE>&lt;17&gt;</REF_CODE>
     </RSMPE_MEN>
     <RSMPE_MEN>
      <CODE>000007</CODE>
      <NO>08</NO>
      <REF_TYPE>F</REF_TYPE>
      <REF_CODE>&lt;18&gt;</REF_CODE>
     </RSMPE_MEN>
     <RSMPE_MEN>
      <CODE>000007</CODE>
      <NO>09</NO>
      <REF_TYPE>S</REF_TYPE>
      <REF_CODE>&lt;S1&gt;</REF_CODE>
     </RSMPE_MEN>
     <RSMPE_MEN>
      <CODE>000007</CODE>
      <NO>10</NO>
      <REF_TYPE>F</REF_TYPE>
      <REF_CODE>&lt;26&gt;</REF_CODE>
     </RSMPE_MEN>
     <RSMPE_MEN>
      <CODE>000007</CODE>
      <NO>11</NO>
      <REF_TYPE>F</REF_TYPE>
      <REF_CODE>&lt;27&gt;</REF_CODE>
     </RSMPE_MEN>
     <RSMPE_MEN>
      <CODE>000007</CODE>
      <NO>12</NO>
      <REF_TYPE>F</REF_TYPE>
      <REF_CODE>&lt;20&gt;</REF_CODE>
     </RSMPE_MEN>
     <RSMPE_MEN>
      <CODE>000007</CODE>
      <NO>13</NO>
      <REF_TYPE>S</REF_TYPE>
      <REF_CODE>&lt;S1&gt;</REF_CODE>
     </RSMPE_MEN>
     <RSMPE_MEN>
      <CODE>000007</CODE>
      <NO>14</NO>
      <REF_TYPE>F</REF_TYPE>
      <REF_CODE>&lt;22&gt;</REF_CODE>
     </RSMPE_MEN>
     <RSMPE_MEN>
      <CODE>000008</CODE>
      <NO>01</NO>
      <REF_TYPE>S</REF_TYPE>
      <REF_CODE>&lt;S1&gt;</REF_CODE>
     </RSMPE_MEN>
     <RSMPE_MEN>
      <CODE>000008</CODE>
      <NO>02</NO>
      <REF_TYPE>F</REF_TYPE>
      <REF_CODE>&lt;23&gt;</REF_CODE>
     </RSMPE_MEN>
    </MEN>
    <MTX>
     <RSMPE_MNLT>
      <CODE>000001</CODE>
      <TEXT_TYPE>S</TEXT_TYPE>
      <TEXT>&lt;Objet&gt;</TEXT>
      <INT_NOTE>Complément de la norme</INT_NOTE>
     </RSMPE_MNLT>
     <RSMPE_MNLT>
      <CODE>000002</CODE>
      <TEXT_TYPE>S</TEXT_TYPE>
      <TEXT>Traiter</TEXT>
      <PATH>T</PATH>
      <INT_NOTE>Complément de la norme</INT_NOTE>
     </RSMPE_MNLT>
     <RSMPE_MNLT>
      <CODE>000003</CODE>
      <TEXT_TYPE>S</TEXT_TYPE>
      <TEXT>Saut</TEXT>
      <INT_NOTE>Complément de la norme</INT_NOTE>
     </RSMPE_MNLT>
     <RSMPE_MNLT>
      <CODE>000004</CODE>
      <TEXT_TYPE>S</TEXT_TYPE>
      <TEXT>Autres fonctions</TEXT>
      <INT_NOTE>Complément de la norme</INT_NOTE>
     </RSMPE_MNLT>
     <RSMPE_MNLT>
      <CODE>000005</CODE>
      <TEXT_TYPE>S</TEXT_TYPE>
      <TEXT>Environnement</TEXT>
      <PATH>E</PATH>
      <INT_NOTE>Complément de la norme</INT_NOTE>
     </RSMPE_MNLT>
     <RSMPE_MNLT>
      <CODE>000006</CODE>
      <TEXT_TYPE>S</TEXT_TYPE>
      <TEXT>&lt;Objet&gt;</TEXT>
      <INT_NOTE>Complément de la norme</INT_NOTE>
     </RSMPE_MNLT>
     <RSMPE_MNLT>
      <CODE>000007</CODE>
      <TEXT_TYPE>S</TEXT_TYPE>
      <TEXT>Traiter</TEXT>
      <PATH>T</PATH>
      <INT_NOTE>Complément de la norme</INT_NOTE>
     </RSMPE_MNLT>
     <RSMPE_MNLT>
      <CODE>000008</CODE>
      <TEXT_TYPE>S</TEXT_TYPE>
      <TEXT>Saut</TEXT>
      <INT_NOTE>Complément de la norme</INT_NOTE>
     </RSMPE_MNLT>
     <RSMPE_MNLT>
      <CODE>000009</CODE>
      <TEXT_TYPE>S</TEXT_TYPE>
      <TEXT>Autres fonctions</TEXT>
      <INT_NOTE>Complément de la norme</INT_NOTE>
     </RSMPE_MNLT>
     <RSMPE_MNLT>
      <CODE>000010</CODE>
      <TEXT_TYPE>S</TEXT_TYPE>
      <TEXT>Environnement</TEXT>
      <PATH>E</PATH>
      <INT_NOTE>Complément de la norme</INT_NOTE>
     </RSMPE_MNLT>
    </MTX>
    <ACT>
     <RSMPE_ACT>
      <CODE>000001</CODE>
      <NO>01</NO>
      <MENUCODE>000001</MENUCODE>
     </RSMPE_ACT>
     <RSMPE_ACT>
      <CODE>000001</CODE>
      <NO>02</NO>
      <MENUCODE>000002</MENUCODE>
     </RSMPE_ACT>
     <RSMPE_ACT>
      <CODE>000001</CODE>
      <NO>03</NO>
      <MENUCODE>000003</MENUCODE>
     </RSMPE_ACT>
     <RSMPE_ACT>
      <CODE>000001</CODE>
      <NO>04</NO>
      <MENUCODE>000004</MENUCODE>
     </RSMPE_ACT>
     <RSMPE_ACT>
      <CODE>000001</CODE>
      <NO>05</NO>
      <MENUCODE>000005</MENUCODE>
     </RSMPE_ACT>
     <RSMPE_ACT>
      <CODE>000002</CODE>
      <NO>01</NO>
      <MENUCODE>000006</MENUCODE>
     </RSMPE_ACT>
     <RSMPE_ACT>
      <CODE>000002</CODE>
      <NO>02</NO>
      <MENUCODE>000007</MENUCODE>
     </RSMPE_ACT>
     <RSMPE_ACT>
      <CODE>000002</CODE>
      <NO>03</NO>
      <MENUCODE>000008</MENUCODE>
     </RSMPE_ACT>
     <RSMPE_ACT>
      <CODE>000002</CODE>
      <NO>04</NO>
      <MENUCODE>000009</MENUCODE>
     </RSMPE_ACT>
     <RSMPE_ACT>
      <CODE>000002</CODE>
      <NO>05</NO>
      <MENUCODE>000010</MENUCODE>
     </RSMPE_ACT>
    </ACT>
    <PFK>
     <RSMPE_PFK>
      <CODE>000001</CODE>
      <PFNO>03</PFNO>
      <FUNCODE>EXIT</FUNCODE>
      <FUNNO>001</FUNNO>
     </RSMPE_PFK>
     <RSMPE_PFK>
      <CODE>000001</CODE>
      <PFNO>11</PFNO>
      <FUNCODE>SAVE</FUNCODE>
      <FUNNO>001</FUNNO>
     </RSMPE_PFK>
     <RSMPE_PFK>
      <CODE>000001</CODE>
      <PFNO>12</PFNO>
      <FUNCODE>LEAVE</FUNCODE>
      <FUNNO>001</FUNNO>
     </RSMPE_PFK>
     <RSMPE_PFK>
      <CODE>000001</CODE>
      <PFNO>15</PFNO>
      <FUNCODE>EXIT</FUNCODE>
      <FUNNO>002</FUNNO>
     </RSMPE_PFK>
     <RSMPE_PFK>
      <CODE>000002</CODE>
      <PFNO>03</PFNO>
      <FUNCODE>EXIT</FUNCODE>
      <FUNNO>001</FUNNO>
     </RSMPE_PFK>
     <RSMPE_PFK>
      <CODE>000002</CODE>
      <PFNO>12</PFNO>
      <FUNCODE>LEAVE</FUNCODE>
      <FUNNO>001</FUNNO>
     </RSMPE_PFK>
     <RSMPE_PFK>
      <CODE>000002</CODE>
      <PFNO>15</PFNO>
      <FUNCODE>EXIT</FUNCODE>
      <FUNNO>002</FUNNO>
     </RSMPE_PFK>
    </PFK>
    <SET>
     <RSMPE_STAF>
      <STATUS>PF_STATUS_2000</STATUS>
      <FUNCTION>EXIT</FUNCTION>
     </RSMPE_STAF>
     <RSMPE_STAF>
      <STATUS>PF_STATUS_2000</STATUS>
      <FUNCTION>LEAVE</FUNCTION>
     </RSMPE_STAF>
     <RSMPE_STAF>
      <STATUS>PF_STATUS_2000</STATUS>
      <FUNCTION>SAVE</FUNCTION>
     </RSMPE_STAF>
     <RSMPE_STAF>
      <STATUS>PF_STATUS_3000</STATUS>
      <FUNCTION>EXIT</FUNCTION>
     </RSMPE_STAF>
     <RSMPE_STAF>
      <STATUS>PF_STATUS_3000</STATUS>
      <FUNCTION>LEAVE</FUNCTION>
     </RSMPE_STAF>
    </SET>
    <DOC>
     <RSMPE_ATRT>
      <OBJ_TYPE>A</OBJ_TYPE>
      <OBJ_CODE>000001</OBJ_CODE>
      <MODAL>D</MODAL>
      <NORM>X</NORM>
      <INT_NOTE>Workbench - Barre de Statut</INT_NOTE>
     </RSMPE_ATRT>
     <RSMPE_ATRT>
      <OBJ_TYPE>P</OBJ_TYPE>
      <OBJ_CODE>000001</OBJ_CODE>
      <MODAL>D</MODAL>
      <INT_NOTE>Workbench - Barre de Statut</INT_NOTE>
     </RSMPE_ATRT>
     <RSMPE_ATRT>
      <OBJ_TYPE>B</OBJ_TYPE>
      <OBJ_CODE>000001</OBJ_CODE>
      <SUB_CODE>0001</SUB_CODE>
      <MODAL>D</MODAL>
      <INT_NOTE>Workbench - Barre de Statut</INT_NOTE>
     </RSMPE_ATRT>
     <RSMPE_ATRT>
      <OBJ_TYPE>A</OBJ_TYPE>
      <OBJ_CODE>000002</OBJ_CODE>
      <MODAL>D</MODAL>
      <NORM>X</NORM>
      <INT_NOTE>Customizing - Barre de Statut</INT_NOTE>
     </RSMPE_ATRT>
     <RSMPE_ATRT>
      <OBJ_TYPE>P</OBJ_TYPE>
      <OBJ_CODE>000002</OBJ_CODE>
      <MODAL>D</MODAL>
      <INT_NOTE>Customizing - Barre de Statut</INT_NOTE>
     </RSMPE_ATRT>
     <RSMPE_ATRT>
      <OBJ_TYPE>B</OBJ_TYPE>
      <OBJ_CODE>000002</OBJ_CODE>
      <SUB_CODE>0001</SUB_CODE>
      <MODAL>D</MODAL>
      <INT_NOTE>Customizing - Barre de Statut</INT_NOTE>
     </RSMPE_ATRT>
    </DOC>
    <TIT>
     <RSMPE_TITT>
      <CODE>TITLEBAR_2000</CODE>
      <TEXT>Workbench - Résultat comparaison</TEXT>
     </RSMPE_TITT>
     <RSMPE_TITT>
      <CODE>TITLEBAR_3000</CODE>
      <TEXT>Customizing - Résultat comparaison</TEXT>
     </RSMPE_TITT>
    </TIT>
   </CUA>
   <TPOOL>
    <item>
     <ID>I</ID>
     <KEY>E00</KEY>
     <ENTRY>@0A@</ENTRY>
     <LENGTH>14</LENGTH>
    </item>
    <item>
     <ID>I</ID>
     <KEY>I00</KEY>
     <ENTRY>@09@</ENTRY>
     <LENGTH>14</LENGTH>
    </item>
    <item>
     <ID>I</ID>
     <KEY>ICD</KEY>
     <ENTRY>@10@</ENTRY>
     <LENGTH>14</LENGTH>
    </item>
    <item>
     <ID>I</ID>
     <KEY>NOC</KEY>
     <ENTRY>Table inexistante</ENTRY>
     <LENGTH>68</LENGTH>
    </item>
    <item>
     <ID>I</ID>
     <KEY>P01</KEY>
     <ENTRY>Progression</ENTRY>
     <LENGTH>21</LENGTH>
    </item>
    <item>
     <ID>I</ID>
     <KEY>PCT</KEY>
     <ENTRY>Comparaison table ( &amp;1/ &amp;2) : &amp;3</ENTRY>
     <LENGTH>60</LENGTH>
    </item>
    <item>
     <ID>I</ID>
     <KEY>RSO</KEY>
     <ENTRY>Recherche table système origine</ENTRY>
     <LENGTH>62</LENGTH>
    </item>
    <item>
     <ID>I</ID>
     <KEY>RST</KEY>
     <ENTRY>Recherche table système cible</ENTRY>
     <LENGTH>58</LENGTH>
    </item>
    <item>
     <ID>I</ID>
     <KEY>S00</KEY>
     <ENTRY>@08@</ENTRY>
     <LENGTH>14</LENGTH>
    </item>
    <item>
     <ID>I</ID>
     <KEY>TA1</KEY>
     <ENTRY>Parallélisation</ENTRY>
     <LENGTH>24</LENGTH>
    </item>
    <item>
     <ID>I</ID>
     <KEY>TB1</KEY>
     <ENTRY>Système à comparer</ENTRY>
     <LENGTH>28</LENGTH>
    </item>
    <item>
     <ID>I</ID>
     <KEY>TB2</KEY>
     <ENTRY>Objets à comparer</ENTRY>
     <LENGTH>42</LENGTH>
    </item>
    <item>
     <ID>I</ID>
     <KEY>TB3</KEY>
     <ENTRY>Workbench - Critère de sélection</ENTRY>
     <LENGTH>64</LENGTH>
    </item>
    <item>
     <ID>I</ID>
     <KEY>TB4</KEY>
     <ENTRY>Customizing - Critère de sélection</ENTRY>
     <LENGTH>68</LENGTH>
    </item>
    <item>
     <ID>I</ID>
     <KEY>TB5</KEY>
     <ENTRY>Options de comparaison</ENTRY>
     <LENGTH>44</LENGTH>
    </item>
    <item>
     <ID>I</ID>
     <KEY>TB6</KEY>
     <ENTRY>Options pour Customizing</ENTRY>
     <LENGTH>46</LENGTH>
    </item>
    <item>
     <ID>I</ID>
     <KEY>TC1</KEY>
     <ENTRY>Congifuration Parallélisation</ENTRY>
     <LENGTH>58</LENGTH>
    </item>
    <item>
     <ID>I</ID>
     <KEY>TC2</KEY>
     <ENTRY>Options supplémentaires</ENTRY>
     <LENGTH>46</LENGTH>
    </item>
    <item>
     <ID>I</ID>
     <KEY>TCD</KEY>
     <ENTRY>Similarité de contenu</ENTRY>
     <LENGTH>56</LENGTH>
    </item>
    <item>
     <ID>I</ID>
     <KEY>TCE</KEY>
     <ENTRY>Statut comparaison</ENTRY>
     <LENGTH>28</LENGTH>
    </item>
    <item>
     <ID>I</ID>
     <KEY>TEO</KEY>
     <ENTRY>Existe dans système origine</ENTRY>
     <LENGTH>50</LENGTH>
    </item>
    <item>
     <ID>I</ID>
     <KEY>TEQ</KEY>
     <ENTRY>Equivalent</ENTRY>
     <LENGTH>20</LENGTH>
    </item>
    <item>
     <ID>I</ID>
     <KEY>TET</KEY>
     <ENTRY>Existe dans système cible</ENTRY>
     <LENGTH>50</LENGTH>
    </item>
    <item>
     <ID>I</ID>
     <KEY>TIC</KEY>
     <ENTRY>Statut</ENTRY>
     <LENGTH>16</LENGTH>
    </item>
    <item>
     <ID>I</ID>
     <KEY>TIS</KEY>
     <ENTRY>Structure identique</ENTRY>
     <LENGTH>29</LENGTH>
    </item>
    <item>
     <ID>I</ID>
     <KEY>TLO</KEY>
     <ENTRY>Origine - Nb lignes</ENTRY>
     <LENGTH>46</LENGTH>
    </item>
    <item>
     <ID>I</ID>
     <KEY>TLT</KEY>
     <ENTRY>Cible - Nb lignes</ENTRY>
     <LENGTH>42</LENGTH>
    </item>
    <item>
     <ID>I</ID>
     <KEY>TNC</KEY>
     <ENTRY>Non comparable</ENTRY>
     <LENGTH>24</LENGTH>
    </item>
    <item>
     <ID>I</ID>
     <KEY>TNF</KEY>
     <ENTRY>Pas de champs en commun</ENTRY>
     <LENGTH>46</LENGTH>
    </item>
    <item>
     <ID>I</ID>
     <KEY>TNL</KEY>
     <ENTRY>lignes</ENTRY>
     <LENGTH>16</LENGTH>
    </item>
    <item>
     <ID>I</ID>
     <KEY>TNR</KEY>
     <ENTRY>Non lisible</ENTRY>
     <LENGTH>21</LENGTH>
    </item>
    <item>
     <ID>I</ID>
     <KEY>TNV</KEY>
     <ENTRY>Non versionnable</ENTRY>
     <LENGTH>26</LENGTH>
    </item>
    <item>
     <ID>I</ID>
     <KEY>TSO</KEY>
     <ENTRY>Système Origine</ENTRY>
     <LENGTH>25</LENGTH>
    </item>
    <item>
     <ID>I</ID>
     <KEY>TST</KEY>
     <ENTRY>Système Cible</ENTRY>
     <LENGTH>23</LENGTH>
    </item>
    <item>
     <ID>R</ID>
     <ENTRY>Utilitaire : Comparaison version objets</ENTRY>
     <LENGTH>39</LENGTH>
    </item>
    <item>
     <ID>S</ID>
     <KEY>P_CROWC</KEY>
     <ENTRY>Nombre de lignes max.</ENTRY>
     <LENGTH>29</LENGTH>
    </item>
    <item>
     <ID>S</ID>
     <KEY>P_CUSTO</KEY>
     <ENTRY>Customizing</ENTRY>
     <LENGTH>19</LENGTH>
    </item>
    <item>
     <ID>S</ID>
     <KEY>P_DGRFC</KEY>
     <ENTRY>Groupe par défaut</ENTRY>
     <LENGTH>25</LENGTH>
    </item>
    <item>
     <ID>S</ID>
     <KEY>P_GRFC</KEY>
     <ENTRY>.</ENTRY>
     <LENGTH>26</LENGTH>
     <SPLIT>D</SPLIT>
    </item>
    <item>
     <ID>S</ID>
     <KEY>P_GRFC_R</KEY>
     <ENTRY>Groupe spécifique</ENTRY>
     <LENGTH>25</LENGTH>
    </item>
    <item>
     <ID>S</ID>
     <KEY>P_NTASK</KEY>
     <ENTRY>Nombre de tâche</ENTRY>
     <LENGTH>23</LENGTH>
    </item>
    <item>
     <ID>S</ID>
     <KEY>P_ONLY_C</KEY>
     <ENTRY>Uniquement objet commun</ENTRY>
     <LENGTH>31</LENGTH>
    </item>
    <item>
     <ID>S</ID>
     <KEY>P_ONLY_D</KEY>
     <ENTRY>Afficher uniq. différence</ENTRY>
     <LENGTH>33</LENGTH>
    </item>
    <item>
     <ID>S</ID>
     <KEY>P_RFC_O</KEY>
     <ENTRY>Système origine</ENTRY>
     <LENGTH>23</LENGTH>
    </item>
    <item>
     <ID>S</ID>
     <KEY>P_RFC_T</KEY>
     <ENTRY>Système cible</ENTRY>
     <LENGTH>21</LENGTH>
    </item>
    <item>
     <ID>S</ID>
     <KEY>P_RPART</KEY>
     <ENTRY>Partionner la lecture</ENTRY>
     <LENGTH>29</LENGTH>
    </item>
    <item>
     <ID>S</ID>
     <KEY>P_SIDEN</KEY>
     <ENTRY>Comparaison à str. identique</ENTRY>
     <LENGTH>36</LENGTH>
    </item>
    <item>
     <ID>S</ID>
     <KEY>P_TACT</KEY>
     <ENTRY>Activer parallélisation</ENTRY>
     <LENGTH>31</LENGTH>
    </item>
    <item>
     <ID>S</ID>
     <KEY>P_TCOMP</KEY>
     <ENTRY>Activer Compression</ENTRY>
     <LENGTH>27</LENGTH>
    </item>
    <item>
     <ID>S</ID>
     <KEY>P_TCOMPG</KEY>
     <ENTRY>Globale</ENTRY>
     <LENGTH>15</LENGTH>
    </item>
    <item>
     <ID>S</ID>
     <KEY>P_TCOMPL</KEY>
     <ENTRY>Ligne-à-ligne</ENTRY>
     <LENGTH>21</LENGTH>
    </item>
    <item>
     <ID>S</ID>
     <KEY>P_TSHM</KEY>
     <ENTRY>Gestion auto. SHM</ENTRY>
     <LENGTH>25</LENGTH>
    </item>
    <item>
     <ID>S</ID>
     <KEY>P_TTRACE</KEY>
     <ENTRY>Activer trace</ENTRY>
     <LENGTH>21</LENGTH>
    </item>
    <item>
     <ID>S</ID>
     <KEY>P_T_ALL</KEY>
     <ENTRY>Tous type de table</ENTRY>
     <LENGTH>26</LENGTH>
    </item>
    <item>
     <ID>S</ID>
     <KEY>P_WORKB</KEY>
     <ENTRY>Workbench</ENTRY>
     <LENGTH>17</LENGTH>
    </item>
    <item>
     <ID>S</ID>
     <KEY>S_FUNCN</KEY>
     <ENTRY>.</ENTRY>
     <LENGTH>23</LENGTH>
     <SPLIT>D</SPLIT>
    </item>
    <item>
     <ID>S</ID>
     <KEY>S_PACK</KEY>
     <ENTRY>.</ENTRY>
     <LENGTH>15</LENGTH>
     <SPLIT>D</SPLIT>
    </item>
    <item>
     <ID>S</ID>
     <KEY>S_PROGN</KEY>
     <ENTRY>.</ENTRY>
     <LENGTH>19</LENGTH>
     <SPLIT>D</SPLIT>
    </item>
    <item>
     <ID>S</ID>
     <KEY>S_TABN</KEY>
     <ENTRY>.</ENTRY>
     <LENGTH>20</LENGTH>
     <SPLIT>D</SPLIT>
    </item>
   </TPOOL>
  </asx:values>
 </asx:abap>
</abapGit>
